Land Size (sqft),Location,Type,Floors,Estimated Cost (rs),Time (months),Suggested Materials
9301,Ahmedabad,Industrial,5,113704725,22,"Steel, Iron, Asphalt"
5108,Pune,Institutional,3,31429524,15,"Concrete, Brick, Steel"
4695,Trivandrum,Commercial,6,90622890,8,"Steel, Concrete, Glass"
5655,Trivandrum,Industrial,3,64467000,20,"Reinforced Steel, Concrete"
1624,Bangalore,Residential,7,24191104,24,"Cement, Bricks, Paint"
8852,Ahmedabad,Institutional,8,250971904,24,"Glass, Concrete, Wood"
5820,Kochi,Commercial,2,30950760,14,"Steel, Concrete, Glass"
7605,Kolkata,Commercial,4,150700680,12,"Reinforced Steel, Glass"
1434,Kochi,Mixed-Use,2,11102028,11,"Brick, Wood, Glass"
2866,Bangalore,Mixed-Use,9,103537116,10,"Steel, Concrete, Glass"
8681,Hyderabad,Industrial,7,178168844,22,"Steel, Iron, Asphalt"
9962,Pune,Institutional,2,92009032,12,"Glass, Concrete, Wood"
8583,Hyderabad,Commercial,4,83392428,14,"Reinforced Steel, Glass"
3015,Delhi,Industrial,8,99060840,12,"Reinforced Steel, Concrete"
2375,Chennai,Commercial,2,13618250,22,"Steel, Concrete, Glass"
1454,Kolkata,Mixed-Use,10,45481120,7,"Steel, Concrete, Glass"
3746,Chennai,Institutional,10,139613420,14,"Steel, Paint, Tiles"
5724,Kolkata,Commercial,2,31012632,18,"Aluminum, Tiles, Marble"
1869,Ahmedabad,Mixed-Use,3,16422903,21,"Concrete, Tiles, Aluminum"
9996,Delhi,Commercial,7,265963572,18,"Aluminum, Tiles, Marble"
3930,Trivandrum,Mixed-Use,8,118717440,22,"Concrete, Tiles, Aluminum"
6946,Hyderabad,Residential,7,164488226,10,"Cement, Bricks, Paint"
8873,Mumbai,Commercial,9,366463773,23,"Aluminum, Tiles, Marble"
9235,Ahmedabad,Institutional,2,71441960,17,"Concrete, Brick, Steel"
1642,Bangalore,Industrial,6,28028940,17,"Reinforced Steel, Concrete"
7846,Hyderabad,Commercial,1,20124990,17,"Steel, Concrete, Glass"
5408,Chennai,Commercial,9,139396608,22,"Reinforced Steel, Glass"
9903,Ahmedabad,Mixed-Use,5,153744075,21,"Brick, Wood, Glass"
6466,Delhi,Mixed-Use,8,180892816,20,"Concrete, Tiles, Aluminum"
7654,Kochi,Residential,4,87133136,9,"Concrete, Gypsum, PVC"
4575,Bangalore,Residential,6,64315350,9,"Cement, Bricks, Paint"
5265,Trivandrum,Commercial,7,121584645,22,"Aluminum, Tiles, Marble"
6899,Pune,Residential,9,302755716,11,"Concrete, Gypsum, PVC"
1551,Bangalore,Mixed-Use,4,23500752,19,"Concrete, Tiles, Aluminum"
4907,Mumbai,Commercial,6,62623134,8,"Aluminum, Tiles, Marble"
7108,Chennai,Commercial,4,103009136,17,"Steel, Concrete, Glass"
8418,Hyderabad,Institutional,4,155328936,16,"Concrete, Brick, Steel"
4260,Chennai,Mixed-Use,7,126108780,6,"Concrete, Tiles, Aluminum"
6677,Mumbai,Institutional,4,80391080,8,"Concrete, Brick, Steel"
7118,Hyderabad,Industrial,6,200684892,14,"Steel, Iron, Asphalt"
8417,Trivandrum,Industrial,1,21791613,20,"Reinforced Steel, Concrete"
7811,Hyderabad,Residential,8,229518424,17,"Concrete, Gypsum, PVC"
8602,Kolkata,Residential,1,35440240,22,"Wood, Tiles, Glass"
4678,Hyderabad,Industrial,6,110251104,9,"Steel, Iron, Asphalt"
8859,Bangalore,Industrial,6,137243628,13,"Steel, Iron, Asphalt"
9623,Delhi,Industrial,8,223176616,24,"Reinforced Steel, Concrete"
3126,Kochi,Mixed-Use,8,86002512,9,"Concrete, Tiles, Aluminum"
2835,Ahmedabad,Mixed-Use,4,48659940,8,"Concrete, Tiles, Aluminum"
5609,Ahmedabad,Commercial,3,55545927,15,"Aluminum, Tiles, Marble"
9765,Trivandrum,Residential,2,54605880,23,"Wood, Tiles, Glass"
2447,Delhi,Residential,7,35131579,7,"Wood, Tiles, Glass"
7729,Kolkata,Commercial,4,83504116,6,"Steel, Concrete, Glass"
6250,Delhi,Institutional,8,140850000,21,"Glass, Concrete, Wood"
1186,Kolkata,Residential,5,23714070,9,"Concrete, Gypsum, PVC"
4936,Kolkata,Residential,5,80678920,20,"Cement, Bricks, Paint"
9969,Hyderabad,Residential,10,285013710,20,"Cement, Bricks, Paint"
8142,Kolkata,Institutional,1,24482994,7,"Concrete, Brick, Steel"
1823,Hyderabad,Residential,3,13333422,7,"Concrete, Gypsum, PVC"
10000,Hyderabad,Commercial,7,262010000,9,"Aluminum, Tiles, Marble"
8121,Mumbai,Commercial,4,96964740,15,"Aluminum, Tiles, Marble"
5319,Pune,Mixed-Use,8,185611824,18,"Concrete, Tiles, Aluminum"
7025,Pune,Residential,2,39592900,7,"Cement, Bricks, Paint"
5268,Kolkata,Institutional,1,23521620,9,"Steel, Paint, Tiles"
5365,Bangalore,Institutional,7,126898345,22,"Concrete, Brick, Steel"
7034,Bangalore,Mixed-Use,1,21369292,15,"Steel, Concrete, Glass"
9725,Hyderabad,Mixed-Use,4,115066200,10,"Brick, Wood, Glass"
8952,Kolkata,Industrial,3,79225200,13,"Concrete, Metal Panels"
7921,Kolkata,Residential,2,33173148,17,"Wood, Tiles, Glass"
2865,Pune,Commercial,1,8019135,9,"Steel, Concrete, Glass"
9892,Hyderabad,Residential,2,50112872,19,"Cement, Bricks, Paint"
8271,Pune,Mixed-Use,7,248204439,7,"Concrete, Tiles, Aluminum"
1131,Ahmedabad,Residential,9,42996096,8,"Concrete, Gypsum, PVC"
2357,Chennai,Industrial,8,71445384,19,"Steel, Iron, Asphalt"
3635,Chennai,Residential,4,55542800,21,"Concrete, Gypsum, PVC"
5303,Trivandrum,Mixed-Use,2,44640654,7,"Brick, Wood, Glass"
9919,Chennai,Institutional,8,351608712,8,"Glass, Concrete, Wood"
4834,Bangalore,Residential,10,190749640,12,"Wood, Tiles, Glass"
3881,Kochi,Institutional,5,42477545,22,"Steel, Paint, Tiles"
3985,Kochi,Industrial,9,87869250,16,"Reinforced Steel, Concrete"
7203,Trivandrum,Commercial,2,48188070,17,"Aluminum, Tiles, Marble"
3796,Kochi,Industrial,5,68650660,24,"Steel, Iron, Asphalt"
8716,Trivandrum,Industrial,3,98682552,7,"Reinforced Steel, Concrete"
3008,Bangalore,Residential,10,125223040,22,"Wood, Tiles, Glass"
3060,Bangalore,Residential,6,79553880,20,"Concrete, Gypsum, PVC"
4760,Delhi,Residential,4,93448320,21,"Cement, Bricks, Paint"
7919,Hyderabad,Residential,7,134757623,14,"Cement, Bricks, Paint"
4964,Mumbai,Institutional,1,17517956,18,"Steel, Paint, Tiles"
9791,Pune,Commercial,1,41670496,14,"Aluminum, Tiles, Marble"
9801,Pune,Industrial,7,271066257,7,"Reinforced Steel, Concrete"
7225,Delhi,Mixed-Use,10,261978500,13,"Brick, Wood, Glass"
9961,Ahmedabad,Institutional,5,192595935,11,"Steel, Paint, Tiles"
5959,Bangalore,Residential,4,112911132,19,"Concrete, Gypsum, PVC"
8850,Ahmedabad,Industrial,10,435597000,14,"Reinforced Steel, Concrete"
4826,Hyderabad,Residential,10,227642420,24,"Concrete, Gypsum, PVC"
5823,Pune,Mixed-Use,9,145167390,12,"Concrete, Tiles, Aluminum"
8508,Chennai,Residential,7,139003704,6,"Concrete, Gypsum, PVC"
2945,Trivandrum,Institutional,3,43335675,10,"Steel, Paint, Tiles"
5944,Chennai,Residential,9,158936616,7,"Concrete, Gypsum, PVC"
7027,Bangalore,Institutional,7,153125357,16,"Glass, Concrete, Wood"
2752,Trivandrum,Industrial,3,28078656,15,"Concrete, Metal Panels"
8357,Hyderabad,Industrial,5,161290100,17,"Steel, Iron, Asphalt"
9881,Ahmedabad,Commercial,5,114421980,11,"Steel, Concrete, Glass"
4334,Chennai,Institutional,5,102802480,17,"Glass, Concrete, Wood"
7930,Ahmedabad,Industrial,6,109148520,20,"Reinforced Steel, Concrete"
5279,Delhi,Residential,7,160486879,19,"Cement, Bricks, Paint"
9748,Delhi,Industrial,9,318203964,14,"Reinforced Steel, Concrete"
3673,Kochi,Industrial,5,37629885,9,"Reinforced Steel, Concrete"
2461,Trivandrum,Mixed-Use,10,121696450,23,"Steel, Concrete, Glass"
8470,Bangalore,Mixed-Use,5,146742750,19,"Concrete, Tiles, Aluminum"
8209,Hyderabad,Mixed-Use,9,171994968,24,"Concrete, Tiles, Aluminum"
6542,Delhi,Residential,7,184504026,23,"Cement, Bricks, Paint"
5664,Mumbai,Residential,10,174394560,16,"Concrete, Gypsum, PVC"
8534,Mumbai,Industrial,1,29075338,18,"Concrete, Metal Panels"
4684,Pune,Industrial,2,28328832,24,"Reinforced Steel, Concrete"
6682,Pune,Residential,1,24516258,10,"Cement, Bricks, Paint"
8546,Trivandrum,Commercial,5,200489160,23,"Steel, Concrete, Glass"
6172,Mumbai,Residential,10,164360360,21,"Wood, Tiles, Glass"
7907,Trivandrum,Mixed-Use,6,188202414,20,"Concrete, Tiles, Aluminum"
2222,Kolkata,Commercial,1,7137064,20,"Aluminum, Tiles, Marble"
6946,Delhi,Mixed-Use,6,115609224,10,"Brick, Wood, Glass"
1041,Ahmedabad,Residential,6,14571918,18,"Cement, Bricks, Paint"
5449,Kolkata,Institutional,6,111421152,16,"Steel, Paint, Tiles"
7725,Mumbai,Institutional,3,65817000,15,"Glass, Concrete, Wood"
9230,Ahmedabad,Industrial,8,226098080,6,"Steel, Iron, Asphalt"
9112,Pune,Industrial,6,155924544,22,"Concrete, Metal Panels"
3979,Chennai,Commercial,3,36372039,24,"Reinforced Steel, Glass"
7228,Mumbai,Residential,7,105492660,15,"Wood, Tiles, Glass"
3355,Mumbai,Mixed-Use,1,8156005,9,"Concrete, Tiles, Aluminum"
4698,Mumbai,Residential,3,45340398,14,"Cement, Bricks, Paint"
4454,Trivandrum,Commercial,2,29111344,19,"Aluminum, Tiles, Marble"
2357,Trivandrum,Institutional,8,63224168,12,"Concrete, Brick, Steel"
6487,Hyderabad,Commercial,8,140690056,18,"Aluminum, Tiles, Marble"
8822,Pune,Commercial,4,135153040,8,"Reinforced Steel, Glass"
1961,Pune,Industrial,1,3935727,16,"Concrete, Metal Panels"
5097,Bangalore,Mixed-Use,5,62591160,17,"Brick, Wood, Glass"
1955,Kochi,Industrial,2,13102410,10,"Concrete, Metal Panels"
2243,Chennai,Institutional,2,20693918,17,"Glass, Concrete, Wood"
2905,Bangalore,Residential,9,97860735,11,"Concrete, Gypsum, PVC"
6918,Bangalore,Mixed-Use,8,165865968,15,"Concrete, Tiles, Aluminum"
5138,Trivandrum,Institutional,5,122387160,18,"Glass, Concrete, Wood"
6192,Trivandrum,Mixed-Use,8,100657152,6,"Concrete, Tiles, Aluminum"
5451,Ahmedabad,Commercial,1,26911587,11,"Steel, Concrete, Glass"
8045,Hyderabad,Industrial,8,192307680,24,"Steel, Iron, Asphalt"
5588,Kochi,Residential,9,113861088,18,"Wood, Tiles, Glass"
9207,Chennai,Institutional,2,67966074,12,"Glass, Concrete, Wood"
9772,Delhi,Industrial,2,72938208,22,"Reinforced Steel, Concrete"
2385,Ahmedabad,Mixed-Use,9,98180910,8,"Brick, Wood, Glass"
8266,Delhi,Mixed-Use,7,266454510,23,"Concrete, Tiles, Aluminum"
3716,Hyderabad,Residential,9,149160240,23,"Cement, Bricks, Paint"
7116,Delhi,Institutional,4,116303904,10,"Concrete, Brick, Steel"
5817,Hyderabad,Institutional,7,161125083,15,"Concrete, Brick, Steel"
3895,Trivandrum,Industrial,9,167527845,16,"Steel, Iron, Asphalt"
3309,Kochi,Industrial,2,23500518,21,"Concrete, Metal Panels"
8031,Kochi,Industrial,6,101768832,24,"Steel, Iron, Asphalt"
1185,Mumbai,Commercial,9,51415965,8,"Aluminum, Tiles, Marble"
7766,Trivandrum,Institutional,2,62407576,8,"Steel, Paint, Tiles"
7884,Delhi,Commercial,1,27546696,9,"Aluminum, Tiles, Marble"
7854,Ahmedabad,Residential,2,71172948,13,"Cement, Bricks, Paint"
3326,Delhi,Mixed-Use,3,46647150,12,"Concrete, Tiles, Aluminum"
1719,Kochi,Commercial,1,6735042,18,"Aluminum, Tiles, Marble"
2704,Chennai,Institutional,9,121339296,16,"Concrete, Brick, Steel"
6483,Pune,Institutional,5,136953375,13,"Glass, Concrete, Wood"
6497,Bangalore,Institutional,8,195585688,9,"Glass, Concrete, Wood"
9607,Chennai,Mixed-Use,5,219712090,17,"Concrete, Tiles, Aluminum"
5708,Hyderabad,Mixed-Use,8,173477536,13,"Concrete, Tiles, Aluminum"
9578,Kolkata,Commercial,4,99572888,8,"Reinforced Steel, Glass"
6567,Mumbai,Mixed-Use,5,95976705,14,"Concrete, Tiles, Aluminum"
8511,Delhi,Commercial,10,277543710,7,"Steel, Concrete, Glass"
7468,Kochi,Industrial,9,173541384,21,"Steel, Iron, Asphalt"
2070,Chennai,Institutional,1,9172170,12,"Steel, Paint, Tiles"
9331,Kolkata,Institutional,1,43146544,9,"Steel, Paint, Tiles"
5650,Pune,Institutional,2,45787600,23,"Steel, Paint, Tiles"
5195,Kochi,Institutional,5,105406550,21,"Steel, Paint, Tiles"
7498,Kolkata,Commercial,4,93365096,18,"Steel, Concrete, Glass"
3991,Hyderabad,Institutional,1,11553945,15,"Glass, Concrete, Wood"
7243,Kochi,Industrial,6,189433422,7,"Reinforced Steel, Concrete"
3374,Chennai,Residential,10,85058540,21,"Concrete, Gypsum, PVC"
6047,Trivandrum,Commercial,5,70931310,22,"Reinforced Steel, Glass"
8759,Kochi,Industrial,10,373921710,7,"Steel, Iron, Asphalt"
4151,Trivandrum,Mixed-Use,1,11145435,15,"Concrete, Tiles, Aluminum"
6720,Bangalore,Residential,3,98360640,17,"Wood, Tiles, Glass"
4826,Kochi,Residential,9,136295892,12,"Wood, Tiles, Glass"
1539,Hyderabad,Commercial,5,33265485,7,"Reinforced Steel, Glass"
2124,Mumbai,Mixed-Use,7,72080064,14,"Steel, Concrete, Glass"
3094,Delhi,Commercial,8,83290480,21,"Reinforced Steel, Glass"
2984,Kochi,Industrial,7,81128992,15,"Reinforced Steel, Concrete"
9058,Hyderabad,Institutional,7,278225528,11,"Steel, Paint, Tiles"
2137,Pune,Institutional,1,8605699,14,"Steel, Paint, Tiles"
5766,Chennai,Institutional,8,207576000,19,"Concrete, Brick, Steel"
9322,Pune,Institutional,10,246473680,15,"Steel, Paint, Tiles"
5612,Pune,Mixed-Use,8,160278720,11,"Concrete, Tiles, Aluminum"
8819,Pune,Industrial,3,55427415,8,"Steel, Iron, Asphalt"
3871,Ahmedabad,Residential,5,60058565,7,"Concrete, Gypsum, PVC"
2158,Delhi,Commercial,4,22486360,22,"Reinforced Steel, Glass"
3870,Mumbai,Residential,7,99799560,23,"Concrete, Gypsum, PVC"
3848,Hyderabad,Commercial,6,73835424,24,"Steel, Concrete, Glass"
6443,Trivandrum,Residential,3,78746346,13,"Wood, Tiles, Glass"
4115,Delhi,Industrial,8,96784800,17,"Steel, Iron, Asphalt"
3823,Ahmedabad,Industrial,3,38719344,9,"Steel, Iron, Asphalt"
8154,Ahmedabad,Residential,9,325833840,22,"Concrete, Gypsum, PVC"
4625,Trivandrum,Industrial,6,87190500,21,"Reinforced Steel, Concrete"
8071,Chennai,Institutional,5,98546910,22,"Glass, Concrete, Wood"
4121,Kolkata,Residential,9,128513385,20,"Concrete, Gypsum, PVC"
8353,Kolkata,Institutional,6,146695386,22,"Concrete, Brick, Steel"
6830,Kochi,Commercial,2,59448320,11,"Reinforced Steel, Glass"
7726,Ahmedabad,Commercial,9,325140984,16,"Steel, Concrete, Glass"
4694,Hyderabad,Mixed-Use,6,79281660,7,"Concrete, Tiles, Aluminum"
4414,Bangalore,Industrial,8,175535952,8,"Reinforced Steel, Concrete"
6631,Pune,Residential,9,289204434,22,"Wood, Tiles, Glass"
7235,Delhi,Mixed-Use,10,360809450,13,"Steel, Concrete, Glass"
1462,Delhi,Commercial,5,31433000,7,"Aluminum, Tiles, Marble"
8003,Hyderabad,Residential,3,74716008,6,"Cement, Bricks, Paint"
1766,Chennai,Commercial,5,29907210,14,"Steel, Concrete, Glass"
4244,Hyderabad,Commercial,1,19492692,15,"Aluminum, Tiles, Marble"
3514,Hyderabad,Residential,10,170710120,17,"Cement, Bricks, Paint"
8968,Hyderabad,Industrial,7,242189808,7,"Steel, Iron, Asphalt"
5145,Trivandrum,Institutional,8,107057160,13,"Steel, Paint, Tiles"
7786,Trivandrum,Commercial,1,25211068,8,"Steel, Concrete, Glass"
4674,Kochi,Mixed-Use,6,83683296,6,"Brick, Wood, Glass"
9329,Chennai,Mixed-Use,10,379970170,7,"Concrete, Tiles, Aluminum"
1299,Mumbai,Mixed-Use,8,49642584,22,"Steel, Concrete, Glass"
6665,Bangalore,Institutional,4,122342740,11,"Steel, Paint, Tiles"
3029,Ahmedabad,Mixed-Use,8,56969432,8,"Steel, Concrete, Glass"
4894,Trivandrum,Mixed-Use,7,126240730,24,"Steel, Concrete, Glass"
9108,Ahmedabad,Institutional,5,224922060,12,"Concrete, Brick, Steel"
2975,Kolkata,Institutional,6,54817350,24,"Glass, Concrete, Wood"
7427,Pune,Institutional,3,48973638,24,"Steel, Paint, Tiles"
1016,Pune,Industrial,4,16715232,14,"Concrete, Metal Panels"
3821,Kochi,Commercial,8,82839280,13,"Aluminum, Tiles, Marble"
3045,Hyderabad,Industrial,3,31734990,19,"Reinforced Steel, Concrete"
7574,Mumbai,Commercial,2,71589448,7,"Reinforced Steel, Glass"
4082,Trivandrum,Mixed-Use,7,129954552,20,"Brick, Wood, Glass"
9829,Kolkata,Residential,4,179163012,11,"Wood, Tiles, Glass"
3472,Hyderabad,Residential,7,96243840,24,"Cement, Bricks, Paint"
4711,Kolkata,Institutional,5,68144615,15,"Steel, Paint, Tiles"
2866,Mumbai,Institutional,9,108360594,14,"Concrete, Brick, Steel"
8926,Kochi,Institutional,7,211439088,9,"Glass, Concrete, Wood"
2405,Pune,Residential,5,26094250,10,"Wood, Tiles, Glass"
5246,Trivandrum,Mixed-Use,5,105706900,8,"Steel, Concrete, Glass"
3265,Trivandrum,Residential,9,108812655,15,"Cement, Bricks, Paint"
2579,Chennai,Commercial,2,22617830,8,"Reinforced Steel, Glass"
6288,Kolkata,Industrial,4,121056576,7,"Reinforced Steel, Concrete"
2269,Delhi,Institutional,2,10237728,14,"Steel, Paint, Tiles"
4448,Hyderabad,Industrial,10,142558400,24,"Concrete, Metal Panels"
2143,Bangalore,Institutional,5,33077205,10,"Steel, Paint, Tiles"
7645,Bangalore,Mixed-Use,7,142189355,19,"Steel, Concrete, Glass"
5702,Bangalore,Mixed-Use,6,104757144,19,"Concrete, Tiles, Aluminum"
6842,Bangalore,Commercial,1,26861692,9,"Steel, Concrete, Glass"
9320,Kolkata,Mixed-Use,3,74289720,17,"Brick, Wood, Glass"
2650,Chennai,Institutional,2,13705800,8,"Glass, Concrete, Wood"
1632,Chennai,Mixed-Use,1,3606720,19,"Steel, Concrete, Glass"
1484,Bangalore,Commercial,8,25643520,9,"Aluminum, Tiles, Marble"
3531,Kochi,Commercial,10,104482290,19,"Reinforced Steel, Glass"
1436,Pune,Commercial,9,38190420,24,"Reinforced Steel, Glass"
1057,Ahmedabad,Mixed-Use,4,11432512,12,"Steel, Concrete, Glass"
8321,Trivandrum,Mixed-Use,9,285252201,22,"Brick, Wood, Glass"
4918,Delhi,Commercial,1,17434310,18,"Steel, Concrete, Glass"
6360,Delhi,Institutional,3,61552080,10,"Steel, Paint, Tiles"
3733,Kochi,Mixed-Use,9,130893912,6,"Steel, Concrete, Glass"
3134,Kolkata,Institutional,2,13469932,17,"Glass, Concrete, Wood"
6253,Hyderabad,Residential,1,28988908,8,"Cement, Bricks, Paint"
5324,Kochi,Institutional,3,48762516,23,"Concrete, Brick, Steel"
4061,Mumbai,Mixed-Use,3,27594495,8,"Brick, Wood, Glass"
1761,Mumbai,Mixed-Use,5,29056500,9,"Brick, Wood, Glass"
4670,Delhi,Industrial,2,41348180,16,"Concrete, Metal Panels"
6359,Bangalore,Commercial,10,133984130,22,"Reinforced Steel, Glass"
6182,Ahmedabad,Industrial,1,18156534,17,"Steel, Iron, Asphalt"
6500,Kolkata,Commercial,2,56056000,19,"Aluminum, Tiles, Marble"
6130,Kochi,Mixed-Use,1,12989470,23,"Brick, Wood, Glass"
3707,Bangalore,Residential,1,18294045,17,"Concrete, Gypsum, PVC"
2436,Delhi,Industrial,5,37429140,20,"Concrete, Metal Panels"
1248,Mumbai,Institutional,9,39952224,14,"Concrete, Brick, Steel"
8795,Chennai,Mixed-Use,2,61213200,21,"Concrete, Tiles, Aluminum"
4652,Kochi,Mixed-Use,4,91923520,18,"Brick, Wood, Glass"
8563,Kolkata,Industrial,6,214811418,20,"Steel, Iron, Asphalt"
2608,Delhi,Mixed-Use,3,24011856,12,"Concrete, Tiles, Aluminum"
8981,Chennai,Commercial,8,255922576,10,"Aluminum, Tiles, Marble"
9325,Hyderabad,Mixed-Use,6,195097650,6,"Brick, Wood, Glass"
5218,Kochi,Residential,1,19123970,18,"Concrete, Gypsum, PVC"
1149,Hyderabad,Industrial,7,16874214,23,"Steel, Iron, Asphalt"
9343,Ahmedabad,Industrial,3,92523729,22,"Steel, Iron, Asphalt"
2584,Kochi,Commercial,2,12387696,8,"Steel, Concrete, Glass"
1919,Kochi,Residential,6,54910266,10,"Concrete, Gypsum, PVC"
3236,Kolkata,Residential,6,54558960,18,"Concrete, Gypsum, PVC"
5564,Trivandrum,Industrial,5,94198520,11,"Steel, Iron, Asphalt"
6274,Kolkata,Industrial,4,97974784,19,"Steel, Iron, Asphalt"
8386,Ahmedabad,Industrial,9,243781020,17,"Reinforced Steel, Concrete"
7898,Delhi,Residential,7,208704650,8,"Cement, Bricks, Paint"
8583,Trivandrum,Mixed-Use,5,173677005,24,"Brick, Wood, Glass"
6177,Hyderabad,Residential,8,153189600,24,"Wood, Tiles, Glass"
6225,Bangalore,Mixed-Use,3,87791175,9,"Concrete, Tiles, Aluminum"
2420,Trivandrum,Residential,10,81675000,15,"Concrete, Gypsum, PVC"
7037,Ahmedabad,Industrial,6,201610050,8,"Steel, Iron, Asphalt"
5592,Hyderabad,Industrial,7,115200792,11,"Steel, Iron, Asphalt"
7603,Pune,Residential,8,187155448,20,"Cement, Bricks, Paint"
9272,Delhi,Mixed-Use,6,148926864,20,"Concrete, Tiles, Aluminum"
9856,Kolkata,Mixed-Use,2,65719808,9,"Steel, Concrete, Glass"
5236,Ahmedabad,Commercial,5,124171740,9,"Steel, Concrete, Glass"
6501,Pune,Industrial,4,109710876,20,"Reinforced Steel, Concrete"
3589,Trivandrum,Mixed-Use,9,94286619,18,"Concrete, Tiles, Aluminum"
5455,Pune,Industrial,10,253330200,9,"Steel, Iron, Asphalt"
6137,Kolkata,Commercial,6,160838496,20,"Steel, Concrete, Glass"
2453,Kochi,Institutional,2,23990340,9,"Glass, Concrete, Wood"
5871,Trivandrum,Mixed-Use,4,73669308,13,"Steel, Concrete, Glass"
8142,Pune,Institutional,4,67415760,19,"Glass, Concrete, Wood"
2393,Trivandrum,Residential,5,31384195,20,"Wood, Tiles, Glass"
8099,Kolkata,Institutional,4,129130456,18,"Glass, Concrete, Wood"
8451,Pune,Mixed-Use,9,197677341,12,"Brick, Wood, Glass"
2824,Pune,Mixed-Use,2,17870272,22,"Steel, Concrete, Glass"
4931,Mumbai,Residential,6,75769746,13,"Concrete, Gypsum, PVC"
4927,Ahmedabad,Residential,3,52635141,19,"Concrete, Gypsum, PVC"
5457,Trivandrum,Commercial,1,20671116,14,"Aluminum, Tiles, Marble"
6073,Mumbai,Residential,8,163290824,9,"Cement, Bricks, Paint"
2774,Mumbai,Mixed-Use,4,46847312,12,"Steel, Concrete, Glass"
5257,Pune,Industrial,4,79759204,9,"Steel, Iron, Asphalt"
1836,Ahmedabad,Commercial,6,42081120,6,"Aluminum, Tiles, Marble"
4744,Mumbai,Mixed-Use,1,19772992,7,"Brick, Wood, Glass"
8006,Mumbai,Residential,4,70260656,6,"Cement, Bricks, Paint"
9693,Pune,Institutional,6,276773922,10,"Concrete, Brick, Steel"
7005,Trivandrum,Mixed-Use,8,197260800,8,"Concrete, Tiles, Aluminum"
9796,Trivandrum,Institutional,1,20992828,16,"Glass, Concrete, Wood"
1532,Delhi,Mixed-Use,4,24536512,22,"Steel, Concrete, Glass"
3390,Bangalore,Mixed-Use,3,22984200,21,"Steel, Concrete, Glass"
2882,Kochi,Residential,6,51910584,14,"Cement, Bricks, Paint"
6038,Bangalore,Mixed-Use,9,183023856,11,"Brick, Wood, Glass"
4314,Hyderabad,Institutional,7,65227680,22,"Steel, Paint, Tiles"
5118,Chennai,Mixed-Use,9,187794774,18,"Concrete, Tiles, Aluminum"
9551,Bangalore,Industrial,9,281687643,21,"Concrete, Metal Panels"
3588,Bangalore,Institutional,10,125113560,16,"Glass, Concrete, Wood"
7115,Kochi,Commercial,4,137291040,20,"Reinforced Steel, Glass"
5222,Chennai,Commercial,3,50601180,24,"Reinforced Steel, Glass"
3039,Trivandrum,Industrial,1,8442342,22,"Concrete, Metal Panels"
2892,Kolkata,Industrial,10,74844960,17,"Steel, Iron, Asphalt"
4769,Trivandrum,Mixed-Use,5,102080445,14,"Concrete, Tiles, Aluminum"
8719,Trivandrum,Residential,6,139730694,18,"Wood, Tiles, Glass"
7824,Delhi,Residential,7,225698928,13,"Cement, Bricks, Paint"
1753,Bangalore,Commercial,5,26216115,15,"Reinforced Steel, Glass"
3406,Ahmedabad,Mixed-Use,3,20793630,24,"Steel, Concrete, Glass"
5183,Mumbai,Residential,6,142242252,7,"Concrete, Gypsum, PVC"
2193,Bangalore,Commercial,1,9848763,24,"Steel, Concrete, Glass"
4563,Mumbai,Industrial,2,20798154,7,"Concrete, Metal Panels"
7175,Chennai,Commercial,3,55469925,22,"Steel, Concrete, Glass"
9871,Bangalore,Mixed-Use,4,183719052,22,"Steel, Concrete, Glass"
6378,Trivandrum,Institutional,10,283119420,6,"Glass, Concrete, Wood"
9919,Chennai,Industrial,6,164556210,8,"Steel, Iron, Asphalt"
7662,Hyderabad,Commercial,1,19859904,18,"Reinforced Steel, Glass"
2281,Pune,Institutional,8,84542984,18,"Glass, Concrete, Wood"
7960,Pune,Mixed-Use,4,133855360,24,"Brick, Wood, Glass"
8677,Hyderabad,Industrial,5,190199840,21,"Reinforced Steel, Concrete"
7336,Delhi,Residential,10,267910720,16,"Wood, Tiles, Glass"
8944,Delhi,Institutional,8,347313408,8,"Glass, Concrete, Wood"
8609,Ahmedabad,Residential,2,81165652,18,"Concrete, Gypsum, PVC"
9005,Delhi,Institutional,9,207475200,14,"Glass, Concrete, Wood"
9190,Mumbai,Institutional,7,188744220,7,"Steel, Paint, Tiles"
9255,Kochi,Residential,7,232254225,15,"Wood, Tiles, Glass"
9545,Ahmedabad,Residential,8,220909480,19,"Wood, Tiles, Glass"
9721,Hyderabad,Commercial,1,46417775,18,"Reinforced Steel, Glass"
2879,Chennai,Commercial,10,109689900,6,"Steel, Concrete, Glass"
6472,Kochi,Industrial,10,257197280,9,"Concrete, Metal Panels"
4599,Kolkata,Industrial,2,41418594,7,"Steel, Iron, Asphalt"
4366,Delhi,Residential,2,22563488,24,"Wood, Tiles, Glass"
5160,Delhi,Mixed-Use,2,49236720,21,"Brick, Wood, Glass"
3152,Mumbai,Commercial,5,33978560,16,"Aluminum, Tiles, Marble"
2386,Chennai,Mixed-Use,4,38576848,22,"Steel, Concrete, Glass"
8695,Ahmedabad,Mixed-Use,1,36336405,20,"Steel, Concrete, Glass"
6816,Mumbai,Industrial,9,253964160,13,"Concrete, Metal Panels"
5167,Kochi,Institutional,1,16658408,19,"Concrete, Brick, Steel"
7480,Mumbai,Mixed-Use,6,119874480,6,"Brick, Wood, Glass"
5769,Delhi,Residential,10,236644380,6,"Concrete, Gypsum, PVC"
6193,Pune,Commercial,1,23966910,17,"Reinforced Steel, Glass"
8126,Hyderabad,Commercial,4,118087032,7,"Reinforced Steel, Glass"
1413,Kolkata,Mixed-Use,4,12846996,16,"Steel, Concrete, Glass"
7255,Ahmedabad,Institutional,10,156998200,12,"Steel, Paint, Tiles"
7449,Delhi,Commercial,8,276685656,8,"Reinforced Steel, Glass"
8423,Ahmedabad,Industrial,5,144412335,9,"Concrete, Metal Panels"
2390,Pune,Commercial,5,26863600,16,"Reinforced Steel, Glass"
7348,Kochi,Institutional,9,157592556,11,"Concrete, Brick, Steel"
7077,Ahmedabad,Institutional,1,15626016,24,"Glass, Concrete, Wood"
6506,Bangalore,Industrial,4,87752928,21,"Reinforced Steel, Concrete"
4687,Mumbai,Residential,8,163520056,21,"Cement, Bricks, Paint"
6776,Pune,Industrial,3,64277136,12,"Reinforced Steel, Concrete"
3320,Trivandrum,Mixed-Use,9,76074480,22,"Brick, Wood, Glass"
9553,Ahmedabad,Mixed-Use,8,302027648,22,"Brick, Wood, Glass"
7225,Trivandrum,Industrial,5,100861000,13,"Concrete, Metal Panels"
2678,Chennai,Institutional,6,75583872,11,"Steel, Paint, Tiles"
5225,Chennai,Residential,3,73186575,24,"Concrete, Gypsum, PVC"
8093,Mumbai,Institutional,10,311094920,6,"Steel, Paint, Tiles"
2381,Pune,Residential,10,73477660,8,"Cement, Bricks, Paint"
8335,Hyderabad,Industrial,6,108671730,19,"Concrete, Metal Panels"
8365,Kolkata,Residential,2,71939000,24,"Concrete, Gypsum, PVC"
8176,Hyderabad,Residential,3,111185424,18,"Cement, Bricks, Paint"
2195,Delhi,Commercial,2,11914460,16,"Reinforced Steel, Glass"
7581,Bangalore,Mixed-Use,10,365480010,17,"Concrete, Tiles, Aluminum"
4808,Trivandrum,Institutional,5,53176480,16,"Steel, Paint, Tiles"
7821,Trivandrum,Mixed-Use,7,183511944,13,"Brick, Wood, Glass"
6262,Hyderabad,Commercial,8,120981840,9,"Reinforced Steel, Glass"
8811,Trivandrum,Institutional,7,286489665,10,"Steel, Paint, Tiles"
1479,Hyderabad,Commercial,3,15312087,19,"Reinforced Steel, Glass"
8861,Trivandrum,Commercial,6,208889214,24,"Steel, Concrete, Glass"
3519,Bangalore,Institutional,1,16532262,13,"Concrete, Brick, Steel"
9891,Mumbai,Institutional,7,323336790,19,"Steel, Paint, Tiles"
6168,Kolkata,Mixed-Use,4,119412480,14,"Brick, Wood, Glass"
9224,Chennai,Mixed-Use,1,25781080,17,"Concrete, Tiles, Aluminum"
9089,Trivandrum,Institutional,8,322986704,14,"Glass, Concrete, Wood"
4329,Chennai,Institutional,6,72181746,24,"Steel, Paint, Tiles"
3850,Delhi,Industrial,9,88357500,6,"Reinforced Steel, Concrete"
9631,Kochi,Institutional,5,190886420,20,"Concrete, Brick, Steel"
4910,Kochi,Residential,8,109551920,21,"Cement, Bricks, Paint"
6360,Bangalore,Mixed-Use,3,47146680,6,"Brick, Wood, Glass"
3203,Kochi,Commercial,7,83047384,7,"Aluminum, Tiles, Marble"
3547,Bangalore,Institutional,5,73210080,18,"Steel, Paint, Tiles"
4949,Bangalore,Industrial,10,121497950,13,"Concrete, Metal Panels"
7103,Chennai,Mixed-Use,8,261049456,18,"Steel, Concrete, Glass"
1884,Pune,Residential,2,16036608,13,"Concrete, Gypsum, PVC"
6497,Trivandrum,Institutional,8,255981800,15,"Steel, Paint, Tiles"
8383,Mumbai,Institutional,4,117429064,19,"Concrete, Brick, Steel"
3419,Delhi,Industrial,4,34326760,14,"Concrete, Metal Panels"
7190,Pune,Commercial,8,279374640,20,"Aluminum, Tiles, Marble"
4604,Kolkata,Commercial,1,19700516,18,"Steel, Concrete, Glass"
4436,Mumbai,Commercial,2,43836552,22,"Aluminum, Tiles, Marble"
4813,Pune,Mixed-Use,10,206573960,22,"Concrete, Tiles, Aluminum"
5053,Delhi,Residential,7,91398664,14,"Wood, Tiles, Glass"
4920,Kolkata,Commercial,5,115866000,23,"Aluminum, Tiles, Marble"
9356,Bangalore,Residential,6,178737024,21,"Wood, Tiles, Glass"
2032,Ahmedabad,Industrial,1,7782560,21,"Concrete, Metal Panels"
8690,Hyderabad,Residential,9,386826660,20,"Concrete, Gypsum, PVC"
3615,Kolkata,Commercial,7,58403940,7,"Steel, Concrete, Glass"
1921,Trivandrum,Institutional,6,37113720,19,"Steel, Paint, Tiles"
4073,Mumbai,Residential,4,39231136,20,"Concrete, Gypsum, PVC"
5138,Bangalore,Mixed-Use,2,31074624,10,"Brick, Wood, Glass"
9622,Hyderabad,Commercial,2,83653668,21,"Aluminum, Tiles, Marble"
8540,Trivandrum,Mixed-Use,2,63623000,9,"Brick, Wood, Glass"
8991,Kochi,Industrial,4,109258632,19,"Steel, Iron, Asphalt"
6337,Pune,Industrial,8,221642912,12,"Reinforced Steel, Concrete"
4868,Kochi,Commercial,2,48358712,14,"Aluminum, Tiles, Marble"
1506,Pune,Commercial,7,32638032,18,"Reinforced Steel, Glass"
6973,Mumbai,Commercial,2,54919348,13,"Aluminum, Tiles, Marble"
2476,Pune,Institutional,5,51958860,15,"Concrete, Brick, Steel"
2869,Kolkata,Commercial,8,46592560,13,"Reinforced Steel, Glass"
1210,Ahmedabad,Institutional,4,15686440,14,"Concrete, Brick, Steel"
5837,Kolkata,Mixed-Use,2,24643814,24,"Brick, Wood, Glass"
9470,Chennai,Residential,6,235064340,21,"Concrete, Gypsum, PVC"
4150,Pune,Commercial,8,131737600,23,"Aluminum, Tiles, Marble"
3323,Delhi,Industrial,4,62711656,9,"Concrete, Metal Panels"
3603,Kolkata,Mixed-Use,10,164909310,11,"Concrete, Tiles, Aluminum"
8906,Chennai,Commercial,10,262816060,8,"Reinforced Steel, Glass"
6575,Trivandrum,Commercial,6,143519100,13,"Reinforced Steel, Glass"
1553,Bangalore,Industrial,2,6979182,20,"Reinforced Steel, Concrete"
4937,Chennai,Commercial,9,124056936,19,"Aluminum, Tiles, Marble"
7200,Pune,Industrial,5,141444000,14,"Concrete, Metal Panels"
5525,Bangalore,Industrial,9,187960500,21,"Reinforced Steel, Concrete"
2308,Hyderabad,Institutional,3,17870844,21,"Concrete, Brick, Steel"
8168,Pune,Commercial,3,107940120,18,"Aluminum, Tiles, Marble"
2669,Kolkata,Commercial,1,12573659,14,"Aluminum, Tiles, Marble"
5898,Pune,Mixed-Use,1,14591652,6,"Brick, Wood, Glass"
3719,Chennai,Mixed-Use,1,18375579,23,"Steel, Concrete, Glass"
4576,Bangalore,Residential,10,215026240,17,"Cement, Bricks, Paint"
7736,Chennai,Industrial,8,294710656,24,"Reinforced Steel, Concrete"
9149,Bangalore,Residential,7,268276127,8,"Cement, Bricks, Paint"
9821,Kochi,Commercial,7,260482383,24,"Aluminum, Tiles, Marble"
6437,Hyderabad,Mixed-Use,3,80584803,11,"Brick, Wood, Glass"
3110,Kolkata,Institutional,3,37590570,7,"Concrete, Brick, Steel"
3076,Delhi,Residential,8,106503424,14,"Wood, Tiles, Glass"
3550,Delhi,Institutional,8,106585200,16,"Concrete, Brick, Steel"
8951,Kolkata,Residential,3,69012210,19,"Cement, Bricks, Paint"
8083,Ahmedabad,Industrial,5,139997560,6,"Steel, Iron, Asphalt"
4929,Hyderabad,Residential,9,110281446,17,"Cement, Bricks, Paint"
9870,Mumbai,Residential,6,231609420,15,"Concrete, Gypsum, PVC"
9805,Delhi,Industrial,9,353156490,8,"Reinforced Steel, Concrete"
1121,Mumbai,Institutional,8,28679664,17,"Steel, Paint, Tiles"
4477,Mumbai,Industrial,10,221880120,22,"Reinforced Steel, Concrete"
5712,Kolkata,Institutional,4,75352704,24,"Glass, Concrete, Wood"
9360,Hyderabad,Residential,8,289186560,10,"Wood, Tiles, Glass"
2806,Ahmedabad,Mixed-Use,8,100903760,14,"Steel, Concrete, Glass"
1103,Delhi,Residential,7,20128647,17,"Cement, Bricks, Paint"
4734,Hyderabad,Mixed-Use,3,49067910,11,"Concrete, Tiles, Aluminum"
5258,Kolkata,Commercial,1,16594248,17,"Steel, Concrete, Glass"
2786,Mumbai,Institutional,9,59074344,10,"Glass, Concrete, Wood"
7790,Ahmedabad,Commercial,5,190738150,17,"Reinforced Steel, Glass"
4424,Trivandrum,Commercial,6,111192816,22,"Reinforced Steel, Glass"
1425,Trivandrum,Residential,4,24612600,22,"Wood, Tiles, Glass"
9174,Kolkata,Mixed-Use,2,56071488,23,"Steel, Concrete, Glass"
9578,Kochi,Residential,3,141716088,15,"Cement, Bricks, Paint"
4595,Kolkata,Institutional,4,80375740,15,"Glass, Concrete, Wood"
5623,Trivandrum,Industrial,7,123160569,10,"Steel, Iron, Asphalt"
5063,Trivandrum,Institutional,6,83023074,6,"Steel, Paint, Tiles"
1094,Delhi,Industrial,5,21880000,14,"Reinforced Steel, Concrete"
6689,Trivandrum,Commercial,7,232616664,21,"Aluminum, Tiles, Marble"
1225,Delhi,Institutional,10,55517000,22,"Concrete, Brick, Steel"
9706,Kolkata,Commercial,2,43405232,13,"Reinforced Steel, Glass"
2922,Mumbai,Residential,7,73532130,8,"Concrete, Gypsum, PVC"
2944,Ahmedabad,Industrial,1,11976192,17,"Reinforced Steel, Concrete"
1032,Chennai,Industrial,2,9593472,17,"Concrete, Metal Panels"
1121,Chennai,Residential,8,25397376,10,"Concrete, Gypsum, PVC"
7147,Bangalore,Mixed-Use,10,309107750,7,"Steel, Concrete, Glass"
5085,Kolkata,Industrial,9,105945975,7,"Steel, Iron, Asphalt"
9797,Kolkata,Residential,6,231836208,22,"Cement, Bricks, Paint"
6545,Pune,Residential,2,32070500,21,"Wood, Tiles, Glass"
5392,Delhi,Industrial,1,15032896,8,"Concrete, Metal Panels"
4775,Kochi,Institutional,3,29366250,15,"Concrete, Brick, Steel"
4331,Kolkata,Institutional,7,121146732,7,"Steel, Paint, Tiles"
2749,Ahmedabad,Mixed-Use,8,69736632,8,"Steel, Concrete, Glass"
2684,Hyderabad,Institutional,7,91290892,18,"Concrete, Brick, Steel"
4816,Delhi,Residential,1,14004928,24,"Cement, Bricks, Paint"
6571,Trivandrum,Mixed-Use,2,64014682,23,"Brick, Wood, Glass"
5569,Delhi,Institutional,7,168289611,11,"Concrete, Brick, Steel"
4754,Pune,Industrial,8,127825552,13,"Concrete, Metal Panels"
7229,Bangalore,Residential,10,333690640,14,"Concrete, Gypsum, PVC"
2596,Mumbai,Industrial,9,102310956,20,"Concrete, Metal Panels"
9997,Trivandrum,Mixed-Use,6,165970194,19,"Brick, Wood, Glass"
3701,Chennai,Residential,9,74345688,11,"Wood, Tiles, Glass"
4350,Mumbai,Commercial,5,81236250,23,"Reinforced Steel, Glass"
1476,Kolkata,Residential,10,32147280,19,"Concrete, Gypsum, PVC"
4631,Delhi,Commercial,8,121406296,20,"Steel, Concrete, Glass"
7912,Hyderabad,Mixed-Use,2,46111136,24,"Concrete, Tiles, Aluminum"
7026,Bangalore,Residential,3,53559198,23,"Cement, Bricks, Paint"
9242,Pune,Institutional,9,222750684,16,"Steel, Paint, Tiles"
7351,Mumbai,Mixed-Use,7,238503195,19,"Concrete, Tiles, Aluminum"
7842,Chennai,Mixed-Use,9,339268446,24,"Concrete, Tiles, Aluminum"
5481,Bangalore,Residential,1,11603277,14,"Concrete, Gypsum, PVC"
8900,Delhi,Industrial,3,132512100,15,"Reinforced Steel, Concrete"
4819,Bangalore,Mixed-Use,7,153282752,19,"Steel, Concrete, Glass"
3819,Mumbai,Residential,5,56196585,18,"Cement, Bricks, Paint"
8461,Mumbai,Commercial,7,268831353,12,"Steel, Concrete, Glass"
6834,Pune,Commercial,1,32358990,21,"Reinforced Steel, Glass"
9304,Delhi,Mixed-Use,4,107963616,21,"Brick, Wood, Glass"
3931,Kolkata,Institutional,1,14344219,21,"Steel, Paint, Tiles"
4248,Bangalore,Commercial,7,93489984,14,"Steel, Concrete, Glass"
4559,Bangalore,Mixed-Use,10,209714000,6,"Brick, Wood, Glass"
4248,Delhi,Residential,6,114007824,19,"Cement, Bricks, Paint"
6506,Ahmedabad,Industrial,2,53674500,8,"Reinforced Steel, Concrete"
5162,Hyderabad,Mixed-Use,7,99729840,17,"Steel, Concrete, Glass"
7217,Hyderabad,Residential,5,85341025,6,"Concrete, Gypsum, PVC"
3664,Hyderabad,Industrial,5,50123520,17,"Steel, Iron, Asphalt"
8202,Bangalore,Industrial,3,98866908,7,"Concrete, Metal Panels"
3509,Chennai,Commercial,2,26394698,6,"Aluminum, Tiles, Marble"
8838,Delhi,Mixed-Use,10,215293680,11,"Steel, Concrete, Glass"
3111,Mumbai,Residential,5,62873310,20,"Wood, Tiles, Glass"
1169,Bangalore,Residential,1,2833656,7,"Concrete, Gypsum, PVC"
9032,Ahmedabad,Residential,10,238354480,6,"Wood, Tiles, Glass"
5431,Mumbai,Institutional,1,19888322,20,"Steel, Paint, Tiles"
4024,Hyderabad,Mixed-Use,4,44795168,16,"Brick, Wood, Glass"
7076,Mumbai,Mixed-Use,2,44026872,17,"Brick, Wood, Glass"
4829,Bangalore,Institutional,1,12313950,20,"Glass, Concrete, Wood"
9718,Kochi,Residential,3,87841002,23,"Concrete, Gypsum, PVC"
5649,Kochi,Mixed-Use,5,93575685,15,"Steel, Concrete, Glass"
6209,Kochi,Mixed-Use,5,146221950,13,"Concrete, Tiles, Aluminum"
1834,Kolkata,Residential,9,55212570,18,"Cement, Bricks, Paint"
7991,Mumbai,Commercial,4,153107560,20,"Aluminum, Tiles, Marble"
5903,Bangalore,Institutional,10,213924720,7,"Glass, Concrete, Wood"
3959,Kolkata,Industrial,6,52662618,20,"Steel, Iron, Asphalt"
6316,Pune,Institutional,7,213190264,23,"Concrete, Brick, Steel"
5880,Kochi,Mixed-Use,7,167891640,7,"Brick, Wood, Glass"
6962,Chennai,Commercial,6,149961480,17,"Aluminum, Tiles, Marble"
7523,Ahmedabad,Residential,8,284670320,15,"Wood, Tiles, Glass"
9340,Ahmedabad,Institutional,5,199455700,8,"Glass, Concrete, Wood"
9652,Hyderabad,Mixed-Use,1,30982920,13,"Steel, Concrete, Glass"
3235,Mumbai,Industrial,5,63228075,15,"Steel, Iron, Asphalt"
8518,Hyderabad,Residential,7,215428738,20,"Wood, Tiles, Glass"
2501,Kochi,Mixed-Use,7,78396346,23,"Steel, Concrete, Glass"
6000,Hyderabad,Mixed-Use,4,62640000,15,"Concrete, Tiles, Aluminum"
3706,Kolkata,Residential,9,109301058,16,"Wood, Tiles, Glass"
4324,Delhi,Commercial,6,75497040,22,"Aluminum, Tiles, Marble"
3248,Kolkata,Residential,7,71754816,16,"Concrete, Gypsum, PVC"
2475,Hyderabad,Residential,8,71280000,19,"Wood, Tiles, Glass"
4735,Ahmedabad,Mixed-Use,9,138157830,14,"Concrete, Tiles, Aluminum"
2948,Kolkata,Commercial,7,67624172,8,"Reinforced Steel, Glass"
7124,Mumbai,Mixed-Use,8,152282624,21,"Brick, Wood, Glass"
9307,Trivandrum,Mixed-Use,7,203655774,7,"Concrete, Tiles, Aluminum"
1825,Ahmedabad,Institutional,3,26219775,13,"Steel, Paint, Tiles"
9467,Ahmedabad,Residential,4,141058300,9,"Concrete, Gypsum, PVC"
7265,Kolkata,Residential,8,193307120,17,"Concrete, Gypsum, PVC"
3858,Ahmedabad,Commercial,8,101943792,18,"Reinforced Steel, Glass"
2093,Hyderabad,Institutional,6,36204714,11,"Glass, Concrete, Wood"
4956,Ahmedabad,Institutional,4,94183824,13,"Steel, Paint, Tiles"
3339,Delhi,Institutional,5,74242665,19,"Steel, Paint, Tiles"
9226,Hyderabad,Commercial,4,146398168,20,"Aluminum, Tiles, Marble"
2962,Ahmedabad,Mixed-Use,4,30852192,14,"Concrete, Tiles, Aluminum"
8588,Hyderabad,Institutional,9,303757560,20,"Glass, Concrete, Wood"
7599,Trivandrum,Institutional,3,103293207,7,"Glass, Concrete, Wood"
5984,Kochi,Commercial,7,113223264,21,"Aluminum, Tiles, Marble"
8221,Trivandrum,Commercial,1,20125008,19,"Reinforced Steel, Glass"
1540,Ahmedabad,Institutional,9,31004820,10,"Concrete, Brick, Steel"
2463,Pune,Commercial,7,51895410,6,"Reinforced Steel, Glass"
3072,Hyderabad,Industrial,1,14678016,10,"Steel, Iron, Asphalt"
7776,Kolkata,Mixed-Use,7,183816864,8,"Steel, Concrete, Glass"
4598,Hyderabad,Residential,3,56789898,22,"Wood, Tiles, Glass"
6870,Bangalore,Industrial,2,50989140,13,"Steel, Iron, Asphalt"
3813,Mumbai,Institutional,7,58746891,6,"Glass, Concrete, Wood"
9109,Ahmedabad,Residential,9,315626850,21,"Concrete, Gypsum, PVC"
6883,Mumbai,Mixed-Use,8,221467408,22,"Steel, Concrete, Glass"
3107,Hyderabad,Commercial,7,77578683,24,"Aluminum, Tiles, Marble"
5166,Bangalore,Mixed-Use,9,189649026,10,"Concrete, Tiles, Aluminum"
5124,Kochi,Industrial,9,93015972,17,"Steel, Iron, Asphalt"
2466,Chennai,Mixed-Use,6,34252740,22,"Concrete, Tiles, Aluminum"
8027,Mumbai,Commercial,2,32814376,20,"Steel, Concrete, Glass"
5699,Hyderabad,Industrial,5,62147595,13,"Reinforced Steel, Concrete"
1312,Mumbai,Industrial,10,29979200,8,"Reinforced Steel, Concrete"
7090,Hyderabad,Commercial,8,145486800,10,"Reinforced Steel, Glass"
7370,Ahmedabad,Mixed-Use,7,237468770,9,"Concrete, Tiles, Aluminum"
9896,Delhi,Mixed-Use,6,135139776,18,"Concrete, Tiles, Aluminum"
4902,Hyderabad,Institutional,5,97206660,23,"Concrete, Brick, Steel"
7725,Mumbai,Industrial,1,30019350,19,"Reinforced Steel, Concrete"
4716,Mumbai,Institutional,3,46674252,7,"Concrete, Brick, Steel"
5960,Bangalore,Mixed-Use,10,223738400,12,"Brick, Wood, Glass"
5515,Pune,Mixed-Use,4,69091920,18,"Steel, Concrete, Glass"
2999,Mumbai,Institutional,3,19442517,11,"Steel, Paint, Tiles"
6018,Pune,Institutional,2,45050748,20,"Concrete, Brick, Steel"
8306,Kochi,Commercial,2,35749024,12,"Reinforced Steel, Glass"
7502,Trivandrum,Industrial,1,37449984,12,"Steel, Iron, Asphalt"
1940,Pune,Mixed-Use,3,28314300,21,"Brick, Wood, Glass"
6490,Kochi,Institutional,10,259924500,17,"Glass, Concrete, Wood"
7918,Mumbai,Commercial,4,146166280,16,"Aluminum, Tiles, Marble"
4679,Bangalore,Mixed-Use,3,57383256,15,"Brick, Wood, Glass"
4804,Trivandrum,Commercial,4,82686448,22,"Steel, Concrete, Glass"
5785,Trivandrum,Commercial,4,108966260,16,"Reinforced Steel, Glass"
8773,Bangalore,Commercial,10,260558100,22,"Aluminum, Tiles, Marble"
4935,Trivandrum,Institutional,2,22069320,23,"Concrete, Brick, Steel"
5013,Hyderabad,Commercial,3,68938776,23,"Aluminum, Tiles, Marble"
1955,Ahmedabad,Commercial,6,25289880,8,"Reinforced Steel, Glass"
7941,Hyderabad,Institutional,4,112317504,14,"Steel, Paint, Tiles"
7168,Bangalore,Commercial,4,65916928,20,"Steel, Concrete, Glass"
4929,Kochi,Mixed-Use,4,48974544,24,"Brick, Wood, Glass"
2430,Kochi,Industrial,5,29099250,10,"Reinforced Steel, Concrete"
6107,Trivandrum,Institutional,4,86817112,15,"Steel, Paint, Tiles"
6026,Mumbai,Industrial,8,191433968,7,"Reinforced Steel, Concrete"
6463,Delhi,Industrial,7,161736575,20,"Steel, Iron, Asphalt"
5842,Hyderabad,Commercial,7,103134668,22,"Aluminum, Tiles, Marble"
4674,Chennai,Institutional,6,131217876,6,"Glass, Concrete, Wood"
8841,Mumbai,Commercial,3,90310815,18,"Steel, Concrete, Glass"
4911,Bangalore,Mixed-Use,8,192943368,17,"Steel, Concrete, Glass"
6720,Hyderabad,Commercial,4,68544000,8,"Aluminum, Tiles, Marble"
4843,Pune,Commercial,1,10504467,9,"Aluminum, Tiles, Marble"
7651,Hyderabad,Industrial,8,169178912,13,"Steel, Iron, Asphalt"
9729,Kolkata,Commercial,3,97747263,11,"Aluminum, Tiles, Marble"
1427,Trivandrum,Mixed-Use,5,29053720,18,"Brick, Wood, Glass"
6739,Chennai,Residential,5,157288260,8,"Cement, Bricks, Paint"
6265,Hyderabad,Institutional,2,30097060,21,"Steel, Paint, Tiles"
2632,Pune,Commercial,7,75759488,8,"Steel, Concrete, Glass"
3986,Chennai,Commercial,10,133690440,14,"Aluminum, Tiles, Marble"
2599,Mumbai,Mixed-Use,2,16077414,8,"Brick, Wood, Glass"
5460,Kochi,Commercial,2,54578160,24,"Steel, Concrete, Glass"
5721,Kolkata,Industrial,6,138402432,6,"Concrete, Metal Panels"
4794,Kolkata,Mixed-Use,7,76914936,23,"Concrete, Tiles, Aluminum"
9071,Delhi,Mixed-Use,7,293165649,19,"Brick, Wood, Glass"
8053,Chennai,Residential,4,114545872,18,"Wood, Tiles, Glass"
5439,Hyderabad,Institutional,6,129100104,21,"Glass, Concrete, Wood"
6365,Chennai,Institutional,5,158934050,14,"Glass, Concrete, Wood"
2691,Kochi,Mixed-Use,5,35965215,10,"Concrete, Tiles, Aluminum"
5902,Mumbai,Mixed-Use,8,101325536,22,"Concrete, Tiles, Aluminum"
3750,Hyderabad,Industrial,10,171225000,6,"Steel, Iron, Asphalt"
5836,Delhi,Residential,4,103577328,7,"Cement, Bricks, Paint"
4661,Trivandrum,Commercial,5,47845165,10,"Aluminum, Tiles, Marble"
7872,Trivandrum,Institutional,4,137917440,21,"Steel, Paint, Tiles"
3581,Ahmedabad,Commercial,5,35863715,13,"Aluminum, Tiles, Marble"
7662,Ahmedabad,Residential,4,137793408,18,"Cement, Bricks, Paint"
5330,Trivandrum,Industrial,2,33184580,12,"Concrete, Metal Panels"
2468,Delhi,Residential,6,50228736,7,"Concrete, Gypsum, PVC"
3663,Delhi,Industrial,3,39483477,19,"Steel, Iron, Asphalt"
1916,Bangalore,Institutional,2,17029408,10,"Steel, Paint, Tiles"
9125,Kolkata,Industrial,4,137605000,14,"Steel, Iron, Asphalt"
9706,Trivandrum,Industrial,5,136272240,10,"Concrete, Metal Panels"
8753,Bangalore,Industrial,10,259176330,8,"Concrete, Metal Panels"
8512,Ahmedabad,Commercial,1,29000384,10,"Reinforced Steel, Glass"
2318,Mumbai,Institutional,6,37078728,16,"Concrete, Brick, Steel"
8399,Bangalore,Mixed-Use,8,257278168,12,"Brick, Wood, Glass"
7788,Bangalore,Mixed-Use,8,235384512,14,"Steel, Concrete, Glass"
8461,Kochi,Industrial,10,209832800,7,"Steel, Iron, Asphalt"
1246,Hyderabad,Industrial,6,29036784,9,"Steel, Iron, Asphalt"
9890,Chennai,Commercial,4,122042600,10,"Aluminum, Tiles, Marble"
6515,Chennai,Institutional,6,165976140,21,"Steel, Paint, Tiles"
7296,Chennai,Mixed-Use,10,213480960,22,"Steel, Concrete, Glass"
9435,Mumbai,Commercial,4,183718320,6,"Steel, Concrete, Glass"
6572,Ahmedabad,Institutional,8,153153888,7,"Glass, Concrete, Wood"
7320,Trivandrum,Residential,9,163580040,13,"Cement, Bricks, Paint"
7204,Mumbai,Commercial,9,257269248,13,"Aluminum, Tiles, Marble"
3487,Pune,Commercial,1,13473768,23,"Aluminum, Tiles, Marble"
3615,Chennai,Commercial,4,46170780,11,"Reinforced Steel, Glass"
9185,Trivandrum,Residential,3,59601465,18,"Wood, Tiles, Glass"
2914,Chennai,Residential,7,69251210,17,"Concrete, Gypsum, PVC"
6573,Kolkata,Institutional,10,251022870,10,"Concrete, Brick, Steel"
1968,Bangalore,Residential,8,53246208,14,"Wood, Tiles, Glass"
8647,Trivandrum,Mixed-Use,8,169135320,10,"Concrete, Tiles, Aluminum"
4567,Ahmedabad,Commercial,9,146491092,9,"Reinforced Steel, Glass"
7574,Pune,Industrial,8,142209424,11,"Reinforced Steel, Concrete"
1988,Mumbai,Commercial,1,5773152,9,"Steel, Concrete, Glass"
5201,Delhi,Institutional,4,81593288,12,"Steel, Paint, Tiles"
5501,Ahmedabad,Commercial,8,212822688,9,"Aluminum, Tiles, Marble"
9929,Kochi,Commercial,9,262363896,15,"Aluminum, Tiles, Marble"
4653,Kochi,Mixed-Use,6,82637280,16,"Concrete, Tiles, Aluminum"
1469,Bangalore,Industrial,7,40453322,17,"Concrete, Metal Panels"
5531,Bangalore,Institutional,9,182888046,9,"Concrete, Brick, Steel"
5290,Kolkata,Institutional,9,199723950,23,"Steel, Paint, Tiles"
7408,Kolkata,Mixed-Use,1,16993952,22,"Brick, Wood, Glass"
7826,Pune,Industrial,9,190242234,23,"Concrete, Metal Panels"
2042,Bangalore,Mixed-Use,5,33682790,10,"Concrete, Tiles, Aluminum"
7698,Chennai,Residential,2,73592880,14,"Cement, Bricks, Paint"
7237,Kolkata,Residential,9,194291739,10,"Concrete, Gypsum, PVC"
4475,Bangalore,Residential,10,184191000,10,"Cement, Bricks, Paint"
9399,Chennai,Mixed-Use,9,222812694,22,"Brick, Wood, Glass"
7438,Mumbai,Industrial,5,102979110,8,"Reinforced Steel, Concrete"
5521,Mumbai,Commercial,8,211697224,17,"Reinforced Steel, Glass"
4428,Trivandrum,Institutional,7,65866500,22,"Glass, Concrete, Wood"
3740,Ahmedabad,Mixed-Use,4,60034480,6,"Steel, Concrete, Glass"
6544,Mumbai,Commercial,7,158724720,24,"Steel, Concrete, Glass"
9251,Ahmedabad,Institutional,4,172068600,15,"Glass, Concrete, Wood"
2770,Ahmedabad,Industrial,9,85061160,22,"Concrete, Metal Panels"
5425,Trivandrum,Institutional,1,12309325,8,"Steel, Paint, Tiles"
7723,Pune,Industrial,2,37796362,11,"Reinforced Steel, Concrete"
2336,Delhi,Industrial,1,5942784,17,"Concrete, Metal Panels"
5892,Ahmedabad,Industrial,4,117274368,20,"Steel, Iron, Asphalt"
7599,Chennai,Institutional,7,125535480,15,"Concrete, Brick, Steel"
1175,Trivandrum,Commercial,9,21900825,12,"Reinforced Steel, Glass"
4287,Mumbai,Institutional,5,50843820,11,"Concrete, Brick, Steel"
3246,Kolkata,Commercial,3,25640154,24,"Steel, Concrete, Glass"
7810,Ahmedabad,Institutional,4,92439160,13,"Steel, Paint, Tiles"
6007,Bangalore,Residential,10,236255310,18,"Wood, Tiles, Glass"
6927,Kochi,Industrial,4,72567252,12,"Concrete, Metal Panels"
6813,Trivandrum,Institutional,7,149558976,19,"Steel, Paint, Tiles"
1119,Bangalore,Institutional,6,33523002,18,"Glass, Concrete, Wood"
8282,Kolkata,Industrial,2,66438204,13,"Steel, Iron, Asphalt"
7303,Ahmedabad,Residential,8,130110248,15,"Concrete, Gypsum, PVC"
6782,Mumbai,Residential,1,16114032,12,"Concrete, Gypsum, PVC"
7664,Trivandrum,Industrial,1,22999664,22,"Concrete, Metal Panels"
2188,Chennai,Residential,3,19481952,20,"Cement, Bricks, Paint"
2522,Pune,Commercial,5,40175460,13,"Aluminum, Tiles, Marble"
2981,Pune,Mixed-Use,4,51261276,10,"Concrete, Tiles, Aluminum"
9411,Chennai,Institutional,10,400626270,13,"Steel, Paint, Tiles"
4320,Delhi,Mixed-Use,4,53706240,11,"Steel, Concrete, Glass"
7505,Pune,Mixed-Use,9,244310265,17,"Steel, Concrete, Glass"
3664,Kolkata,Residential,1,16220528,22,"Concrete, Gypsum, PVC"
4782,Delhi,Institutional,3,37256562,23,"Steel, Paint, Tiles"
3299,Pune,Industrial,7,52305645,23,"Steel, Iron, Asphalt"
6649,Hyderabad,Mixed-Use,2,31901902,16,"Concrete, Tiles, Aluminum"
2409,Hyderabad,Industrial,8,49663944,22,"Reinforced Steel, Concrete"
7051,Kochi,Residential,7,173588569,18,"Wood, Tiles, Glass"
9953,Hyderabad,Institutional,6,186618750,22,"Steel, Paint, Tiles"
4420,Pune,Institutional,10,187805800,20,"Glass, Concrete, Wood"
5378,Delhi,Mixed-Use,6,84122676,22,"Steel, Concrete, Glass"
5244,Chennai,Residential,9,95477508,7,"Cement, Bricks, Paint"
9626,Pune,Commercial,9,324877500,15,"Aluminum, Tiles, Marble"
2670,Hyderabad,Institutional,6,69815160,13,"Steel, Paint, Tiles"
8653,Hyderabad,Commercial,4,109650816,13,"Aluminum, Tiles, Marble"
8261,Bangalore,Residential,5,106856035,18,"Concrete, Gypsum, PVC"
5203,Ahmedabad,Residential,1,23590402,18,"Cement, Bricks, Paint"
5015,Chennai,Institutional,3,55606320,20,"Glass, Concrete, Wood"
4750,Kolkata,Commercial,3,60975750,18,"Aluminum, Tiles, Marble"
8613,Hyderabad,Institutional,2,41945310,6,"Glass, Concrete, Wood"
4981,Delhi,Institutional,2,25622264,13,"Glass, Concrete, Wood"
3786,Kolkata,Mixed-Use,4,42857520,7,"Steel, Concrete, Glass"
7103,Bangalore,Residential,1,27026915,7,"Concrete, Gypsum, PVC"
6516,Trivandrum,Mixed-Use,7,142309440,24,"Brick, Wood, Glass"
5443,Kolkata,Residential,2,24341096,23,"Concrete, Gypsum, PVC"
8272,Kolkata,Industrial,1,31036544,16,"Steel, Iron, Asphalt"
5065,Trivandrum,Industrial,9,98463600,7,"Steel, Iron, Asphalt"
4406,Hyderabad,Industrial,5,65208800,7,"Concrete, Metal Panels"
4760,Bangalore,Industrial,7,70171920,19,"Steel, Iron, Asphalt"
9513,Ahmedabad,Commercial,7,164546361,16,"Reinforced Steel, Glass"
7640,Chennai,Residential,8,189594240,6,"Concrete, Gypsum, PVC"
5096,Delhi,Industrial,3,55266120,14,"Concrete, Metal Panels"
5248,Delhi,Industrial,1,12768384,14,"Concrete, Metal Panels"
1921,Chennai,Industrial,8,61979144,9,"Steel, Iron, Asphalt"
5882,Pune,Commercial,3,85653684,17,"Steel, Concrete, Glass"
9833,Trivandrum,Commercial,2,41239602,17,"Steel, Concrete, Glass"
2257,Hyderabad,Residential,5,46212075,21,"Cement, Bricks, Paint"
9469,Ahmedabad,Residential,7,153975409,7,"Cement, Bricks, Paint"
4893,Ahmedabad,Institutional,3,60110505,21,"Steel, Paint, Tiles"
1510,Delhi,Residential,9,27533340,23,"Cement, Bricks, Paint"
5734,Kolkata,Commercial,4,92936672,23,"Steel, Concrete, Glass"
7819,Chennai,Mixed-Use,7,140390145,7,"Steel, Concrete, Glass"
3893,Kochi,Institutional,8,83029904,7,"Steel, Paint, Tiles"
5208,Pune,Residential,8,174697152,22,"Cement, Bricks, Paint"
3053,Delhi,Residential,2,23495888,20,"Wood, Tiles, Glass"
9694,Trivandrum,Residential,8,191088128,22,"Cement, Bricks, Paint"
8510,Pune,Commercial,5,134075050,17,"Aluminum, Tiles, Marble"
5077,Pune,Industrial,2,43976974,11,"Concrete, Metal Panels"
6530,Chennai,Mixed-Use,8,249602720,6,"Steel, Concrete, Glass"
9488,Bangalore,Commercial,8,377394688,19,"Steel, Concrete, Glass"
2471,Trivandrum,Commercial,2,19595030,10,"Aluminum, Tiles, Marble"
2885,Hyderabad,Commercial,6,68132160,22,"Steel, Concrete, Glass"
6659,Mumbai,Mixed-Use,10,251710200,18,"Concrete, Tiles, Aluminum"
9821,Kolkata,Mixed-Use,10,249060560,13,"Concrete, Tiles, Aluminum"
3061,Delhi,Residential,3,33159813,17,"Concrete, Gypsum, PVC"
7898,Trivandrum,Residential,10,231332420,10,"Cement, Bricks, Paint"
9891,Delhi,Mixed-Use,2,52798158,21,"Steel, Concrete, Glass"
6603,Kolkata,Institutional,9,134423874,14,"Concrete, Brick, Steel"
3889,Trivandrum,Commercial,9,156629475,21,"Steel, Concrete, Glass"
4400,Chennai,Mixed-Use,5,68508000,13,"Brick, Wood, Glass"
4667,Bangalore,Commercial,9,103747410,8,"Reinforced Steel, Glass"
8865,Pune,Institutional,5,142460550,8,"Steel, Paint, Tiles"
3337,Kolkata,Industrial,6,98027712,17,"Concrete, Metal Panels"
8760,Mumbai,Institutional,1,19009200,9,"Glass, Concrete, Wood"
2178,Mumbai,Residential,7,60496128,16,"Wood, Tiles, Glass"
4712,Kolkata,Mixed-Use,5,61680080,8,"Concrete, Tiles, Aluminum"
4720,Bangalore,Residential,9,180709920,9,"Concrete, Gypsum, PVC"
6177,Pune,Commercial,3,65914767,23,"Reinforced Steel, Glass"
7912,Ahmedabad,Commercial,10,326844720,17,"Aluminum, Tiles, Marble"
6339,Chennai,Residential,3,85196160,14,"Cement, Bricks, Paint"
6732,Pune,Residential,5,77182380,24,"Cement, Bricks, Paint"
7860,Kolkata,Institutional,10,379952400,22,"Concrete, Brick, Steel"
1119,Kolkata,Commercial,9,29920941,17,"Aluminum, Tiles, Marble"
3962,Pune,Commercial,8,103645920,22,"Steel, Concrete, Glass"
4828,Kochi,Residential,3,56255856,16,"Concrete, Gypsum, PVC"
5760,Delhi,Mixed-Use,7,184705920,21,"Brick, Wood, Glass"
6407,Pune,Mixed-Use,4,70425744,16,"Concrete, Tiles, Aluminum"
5748,Chennai,Industrial,9,174750696,6,"Concrete, Metal Panels"
8126,Delhi,Institutional,2,62326420,7,"Steel, Paint, Tiles"
8088,Bangalore,Commercial,10,345276720,19,"Aluminum, Tiles, Marble"
9161,Mumbai,Mixed-Use,8,254895664,8,"Concrete, Tiles, Aluminum"
4026,Mumbai,Residential,6,113460732,7,"Cement, Bricks, Paint"
9586,Chennai,Institutional,9,307566810,13,"Concrete, Brick, Steel"
7995,Bangalore,Commercial,5,87745125,12,"Aluminum, Tiles, Marble"
4562,Hyderabad,Residential,3,41974962,23,"Concrete, Gypsum, PVC"
1442,Hyderabad,Industrial,2,7890624,11,"Concrete, Metal Panels"
5014,Kochi,Residential,3,47051376,20,"Wood, Tiles, Glass"
6395,Mumbai,Commercial,8,138183160,9,"Reinforced Steel, Glass"
4910,Mumbai,Residential,5,120957850,12,"Concrete, Gypsum, PVC"
4532,Chennai,Commercial,7,106148504,20,"Aluminum, Tiles, Marble"
9258,Chennai,Residential,2,47641668,18,"Cement, Bricks, Paint"
4309,Bangalore,Commercial,5,101907850,8,"Aluminum, Tiles, Marble"
1574,Kolkata,Commercial,10,43678500,11,"Reinforced Steel, Glass"
7856,Trivandrum,Mixed-Use,9,320996160,14,"Steel, Concrete, Glass"
4277,Kochi,Residential,2,33574450,14,"Concrete, Gypsum, PVC"
4436,Trivandrum,Commercial,3,55427820,12,"Aluminum, Tiles, Marble"
3901,Bangalore,Industrial,7,62587644,15,"Concrete, Metal Panels"
1966,Kochi,Commercial,2,18680932,13,"Reinforced Steel, Glass"
8854,Mumbai,Residential,6,256801416,18,"Cement, Bricks, Paint"
1393,Kolkata,Residential,4,27793136,14,"Cement, Bricks, Paint"
1061,Trivandrum,Industrial,5,22864550,6,"Steel, Iron, Asphalt"
8554,Bangalore,Residential,5,198452800,12,"Concrete, Gypsum, PVC"
9453,Hyderabad,Commercial,4,90408492,22,"Steel, Concrete, Glass"
4847,Hyderabad,Mixed-Use,9,161666838,9,"Steel, Concrete, Glass"
8926,Trivandrum,Institutional,10,178877040,17,"Steel, Paint, Tiles"
1000,Chennai,Residential,3,9432000,24,"Wood, Tiles, Glass"
6966,Pune,Commercial,9,190088208,6,"Reinforced Steel, Glass"
4731,Mumbai,Residential,10,98499420,13,"Wood, Tiles, Glass"
3382,Trivandrum,Mixed-Use,4,41801520,9,"Brick, Wood, Glass"
8935,Ahmedabad,Residential,7,164118080,15,"Wood, Tiles, Glass"
1725,Kolkata,Commercial,6,22128300,23,"Aluminum, Tiles, Marble"
7917,Mumbai,Residential,2,77254086,20,"Concrete, Gypsum, PVC"
2639,Ahmedabad,Mixed-Use,5,40231555,15,"Steel, Concrete, Glass"
5286,Kolkata,Mixed-Use,10,234011220,6,"Steel, Concrete, Glass"
1730,Trivandrum,Institutional,5,27524300,24,"Glass, Concrete, Wood"
7608,Kolkata,Mixed-Use,6,105583824,8,"Steel, Concrete, Glass"
1341,Pune,Institutional,3,16023609,15,"Concrete, Brick, Steel"
5028,Ahmedabad,Mixed-Use,4,85033536,22,"Brick, Wood, Glass"
9733,Mumbai,Residential,8,278753120,11,"Wood, Tiles, Glass"
8081,Trivandrum,Residential,1,25350097,9,"Cement, Bricks, Paint"
6612,Kochi,Mixed-Use,5,126057780,20,"Concrete, Tiles, Aluminum"
9047,Bangalore,Commercial,8,215969984,11,"Aluminum, Tiles, Marble"
4371,Trivandrum,Mixed-Use,9,121203459,15,"Concrete, Tiles, Aluminum"
3538,Trivandrum,Institutional,7,88266024,18,"Glass, Concrete, Wood"
1521,Hyderabad,Commercial,9,55454139,12,"Reinforced Steel, Glass"
9764,Hyderabad,Industrial,8,167081568,11,"Reinforced Steel, Concrete"
7692,Chennai,Industrial,10,246220920,21,"Concrete, Metal Panels"
4676,Chennai,Residential,7,141009456,20,"Cement, Bricks, Paint"
5145,Bangalore,Industrial,10,204050700,21,"Reinforced Steel, Concrete"
5118,Kolkata,Mixed-Use,3,75925530,18,"Steel, Concrete, Glass"
8129,Pune,Residential,4,125186600,15,"Concrete, Gypsum, PVC"
2715,Bangalore,Institutional,10,93558900,21,"Steel, Paint, Tiles"
5541,Hyderabad,Mixed-Use,6,68553252,14,"Concrete, Tiles, Aluminum"
4891,Kolkata,Industrial,9,155122956,13,"Reinforced Steel, Concrete"
6130,Bangalore,Mixed-Use,3,38894850,6,"Concrete, Tiles, Aluminum"
1210,Trivandrum,Institutional,4,12433960,20,"Concrete, Brick, Steel"
9908,Mumbai,Mixed-Use,1,38740280,18,"Brick, Wood, Glass"
3823,Chennai,Residential,8,101294208,19,"Cement, Bricks, Paint"
7537,Trivandrum,Residential,2,42327792,7,"Concrete, Gypsum, PVC"
4800,Kolkata,Industrial,5,90216000,20,"Concrete, Metal Panels"
3863,Mumbai,Institutional,1,9869965,8,"Concrete, Brick, Steel"
5195,Ahmedabad,Residential,6,110217120,11,"Cement, Bricks, Paint"
2258,Hyderabad,Institutional,8,40914960,14,"Glass, Concrete, Wood"
5391,Ahmedabad,Institutional,10,159681420,21,"Glass, Concrete, Wood"
1021,Kochi,Industrial,6,16601460,18,"Reinforced Steel, Concrete"
4191,Mumbai,Residential,6,50744628,11,"Cement, Bricks, Paint"
5244,Pune,Residential,9,121388112,23,"Wood, Tiles, Glass"
5853,Kolkata,Commercial,2,55088436,18,"Steel, Concrete, Glass"
7182,Ahmedabad,Mixed-Use,10,284694480,13,"Brick, Wood, Glass"
9276,Delhi,Industrial,5,223597980,11,"Steel, Iron, Asphalt"
3460,Mumbai,Mixed-Use,8,98236320,7,"Steel, Concrete, Glass"
5778,Hyderabad,Commercial,5,116311140,10,"Aluminum, Tiles, Marble"
2908,Kochi,Mixed-Use,3,25247256,23,"Concrete, Tiles, Aluminum"
6069,Ahmedabad,Industrial,1,19791009,23,"Reinforced Steel, Concrete"
9356,Chennai,Institutional,5,218602940,18,"Glass, Concrete, Wood"
1345,Trivandrum,Residential,4,26620240,16,"Wood, Tiles, Glass"
3154,Mumbai,Institutional,1,10767756,11,"Glass, Concrete, Wood"
4002,Bangalore,Residential,6,114393168,21,"Cement, Bricks, Paint"
6708,Delhi,Institutional,5,81368040,9,"Glass, Concrete, Wood"
4185,Delhi,Mixed-Use,7,68228055,21,"Brick, Wood, Glass"
8787,Hyderabad,Mixed-Use,3,114064047,20,"Steel, Concrete, Glass"
2385,Chennai,Commercial,6,52503390,20,"Steel, Concrete, Glass"
4843,Kolkata,Industrial,6,72674058,16,"Steel, Iron, Asphalt"
5376,Kochi,Residential,5,94241280,20,"Concrete, Gypsum, PVC"
8068,Kolkata,Institutional,5,162892920,15,"Steel, Paint, Tiles"
5055,Delhi,Residential,6,125566200,23,"Concrete, Gypsum, PVC"
4882,Pune,Industrial,8,193991152,7,"Reinforced Steel, Concrete"
4588,Hyderabad,Commercial,5,76367260,23,"Steel, Concrete, Glass"
1460,Pune,Institutional,7,29127000,9,"Glass, Concrete, Wood"
4351,Chennai,Institutional,8,170907280,13,"Glass, Concrete, Wood"
6348,Kolkata,Commercial,3,40220928,8,"Aluminum, Tiles, Marble"
3573,Bangalore,Commercial,10,125519490,10,"Reinforced Steel, Glass"
1614,Chennai,Institutional,3,9775998,17,"Concrete, Brick, Steel"
5883,Bangalore,Residential,1,23967342,22,"Cement, Bricks, Paint"
1947,Trivandrum,Industrial,3,16062750,15,"Steel, Iron, Asphalt"
8776,Hyderabad,Mixed-Use,10,324360960,7,"Brick, Wood, Glass"
8103,Hyderabad,Industrial,2,80430378,15,"Steel, Iron, Asphalt"
1388,Chennai,Institutional,4,26949408,18,"Steel, Paint, Tiles"
5051,Kochi,Institutional,7,121274510,15,"Glass, Concrete, Wood"
2262,Delhi,Industrial,4,37250616,11,"Reinforced Steel, Concrete"
7113,Ahmedabad,Institutional,9,236734866,20,"Steel, Paint, Tiles"
1071,Ahmedabad,Residential,3,6634845,9,"Concrete, Gypsum, PVC"
3117,Delhi,Industrial,7,101916549,15,"Concrete, Metal Panels"
7308,Mumbai,Residential,10,290127600,18,"Concrete, Gypsum, PVC"
1267,Delhi,Commercial,6,36223530,24,"Steel, Concrete, Glass"
7497,Trivandrum,Institutional,8,166673304,23,"Steel, Paint, Tiles"
9845,Kochi,Residential,9,277510860,21,"Cement, Bricks, Paint"
1539,Hyderabad,Mixed-Use,3,21986154,7,"Steel, Concrete, Glass"
5514,Trivandrum,Commercial,6,126447048,17,"Steel, Concrete, Glass"
2844,Trivandrum,Residential,2,16444008,22,"Concrete, Gypsum, PVC"
9098,Hyderabad,Mixed-Use,8,213839392,12,"Steel, Concrete, Glass"
6425,Hyderabad,Commercial,10,178036750,17,"Reinforced Steel, Glass"
4916,Ahmedabad,Commercial,6,75273792,22,"Reinforced Steel, Glass"
8316,Trivandrum,Commercial,9,156798180,8,"Aluminum, Tiles, Marble"
2216,Trivandrum,Mixed-Use,8,43114496,24,"Steel, Concrete, Glass"
8465,Kolkata,Residential,10,214672400,15,"Concrete, Gypsum, PVC"
8996,Kochi,Industrial,3,129731316,12,"Steel, Iron, Asphalt"
5353,Delhi,Residential,8,141918736,17,"Wood, Tiles, Glass"
4054,Trivandrum,Mixed-Use,1,14566022,17,"Steel, Concrete, Glass"
2079,Trivandrum,Industrial,3,14694372,18,"Concrete, Metal Panels"
6652,Pune,Industrial,6,192974520,24,"Steel, Iron, Asphalt"
2298,Hyderabad,Commercial,1,6156342,21,"Aluminum, Tiles, Marble"
8171,Chennai,Institutional,8,137076696,15,"Glass, Concrete, Wood"
6464,Hyderabad,Institutional,7,91989184,20,"Concrete, Brick, Steel"
4106,Ahmedabad,Mixed-Use,1,12946218,9,"Steel, Concrete, Glass"
6153,Mumbai,Mixed-Use,8,229334616,22,"Concrete, Tiles, Aluminum"
8998,Trivandrum,Industrial,2,79002440,7,"Reinforced Steel, Concrete"
9111,Hyderabad,Institutional,3,94435515,11,"Steel, Paint, Tiles"
5530,Pune,Mixed-Use,6,142773540,17,"Brick, Wood, Glass"
3352,Chennai,Mixed-Use,1,16082896,14,"Brick, Wood, Glass"
6999,Chennai,Institutional,8,159017280,23,"Concrete, Brick, Steel"
1899,Kolkata,Commercial,9,57989763,22,"Aluminum, Tiles, Marble"
5342,Pune,Institutional,4,97267136,22,"Concrete, Brick, Steel"
7847,Bangalore,Commercial,2,42813232,20,"Aluminum, Tiles, Marble"
9300,Mumbai,Commercial,3,70977600,22,"Aluminum, Tiles, Marble"
5687,Delhi,Mixed-Use,6,133655874,10,"Concrete, Tiles, Aluminum"
8676,Mumbai,Residential,7,162640296,13,"Concrete, Gypsum, PVC"
5910,Mumbai,Commercial,7,90600300,23,"Aluminum, Tiles, Marble"
8287,Bangalore,Industrial,10,199799570,18,"Steel, Iron, Asphalt"
2186,Bangalore,Commercial,2,14099700,17,"Steel, Concrete, Glass"
5599,Mumbai,Institutional,5,120182535,12,"Glass, Concrete, Wood"
9464,Bangalore,Mixed-Use,5,144184040,22,"Steel, Concrete, Glass"
7656,Pune,Industrial,9,280439280,21,"Concrete, Metal Panels"
8420,Bangalore,Mixed-Use,3,82726500,7,"Concrete, Tiles, Aluminum"
7035,Bangalore,Institutional,1,19191480,8,"Steel, Paint, Tiles"
4543,Delhi,Residential,8,109686192,14,"Concrete, Gypsum, PVC"
7583,Ahmedabad,Mixed-Use,5,164058205,12,"Steel, Concrete, Glass"
3731,Kochi,Institutional,9,84686238,11,"Glass, Concrete, Wood"
7499,Pune,Residential,10,340379610,10,"Cement, Bricks, Paint"
9797,Delhi,Industrial,6,260639388,23,"Steel, Iron, Asphalt"
2023,Kolkata,Residential,1,8986166,14,"Concrete, Gypsum, PVC"
4463,Hyderabad,Commercial,8,157097600,19,"Reinforced Steel, Glass"
2388,Ahmedabad,Residential,6,66854448,23,"Concrete, Gypsum, PVC"
9681,Trivandrum,Residential,4,191335284,7,"Wood, Tiles, Glass"
4309,Chennai,Residential,8,140301040,6,"Wood, Tiles, Glass"
2536,Chennai,Mixed-Use,6,45161088,17,"Steel, Concrete, Glass"
7721,Mumbai,Industrial,8,158496688,14,"Reinforced Steel, Concrete"
6227,Bangalore,Institutional,10,217322300,21,"Steel, Paint, Tiles"
7159,Chennai,Mixed-Use,10,150195820,15,"Brick, Wood, Glass"
1131,Hyderabad,Commercial,3,7878546,23,"Aluminum, Tiles, Marble"
5459,Hyderabad,Mixed-Use,9,162230562,23,"Brick, Wood, Glass"
5892,Kolkata,Industrial,6,161629344,12,"Steel, Iron, Asphalt"
1922,Bangalore,Mixed-Use,7,55376664,14,"Brick, Wood, Glass"
6489,Bangalore,Commercial,10,179615520,10,"Aluminum, Tiles, Marble"
7663,Pune,Industrial,6,189337404,9,"Reinforced Steel, Concrete"
3626,Chennai,Industrial,9,106256304,16,"Steel, Iron, Asphalt"
2003,Kolkata,Institutional,9,67420980,24,"Glass, Concrete, Wood"
6994,Kolkata,Commercial,6,95593992,15,"Reinforced Steel, Glass"
9001,Ahmedabad,Mixed-Use,9,275592618,11,"Steel, Concrete, Glass"
9819,Ahmedabad,Mixed-Use,9,417729717,21,"Concrete, Tiles, Aluminum"
8536,Ahmedabad,Institutional,7,171368736,9,"Glass, Concrete, Wood"
9726,Ahmedabad,Industrial,8,280108800,14,"Reinforced Steel, Concrete"
2848,Bangalore,Industrial,2,12183744,12,"Concrete, Metal Panels"
2502,Ahmedabad,Residential,9,90454806,23,"Wood, Tiles, Glass"
7438,Trivandrum,Commercial,2,48480884,21,"Reinforced Steel, Glass"
1676,Trivandrum,Residential,10,79475920,8,"Concrete, Gypsum, PVC"
5974,Kochi,Institutional,9,236032740,10,"Steel, Paint, Tiles"
6531,Delhi,Mixed-Use,7,188719776,11,"Concrete, Tiles, Aluminum"
7121,Ahmedabad,Residential,6,160692486,9,"Concrete, Gypsum, PVC"
5913,Kolkata,Commercial,1,15101802,20,"Reinforced Steel, Glass"
9847,Bangalore,Commercial,2,87106562,24,"Reinforced Steel, Glass"
2564,Kolkata,Commercial,4,26009216,13,"Steel, Concrete, Glass"
7053,Ahmedabad,Residential,8,177848448,21,"Cement, Bricks, Paint"
6874,Kolkata,Industrial,4,66320352,6,"Concrete, Metal Panels"
3627,Pune,Mixed-Use,3,45634914,7,"Concrete, Tiles, Aluminum"
4118,Delhi,Industrial,3,42979566,12,"Concrete, Metal Panels"
3155,Kolkata,Mixed-Use,5,33316800,19,"Brick, Wood, Glass"
2279,Ahmedabad,Mixed-Use,9,49698153,19,"Brick, Wood, Glass"
8119,Chennai,Industrial,2,61834304,14,"Steel, Iron, Asphalt"
6654,Chennai,Institutional,2,64264332,18,"Steel, Paint, Tiles"
2828,Ahmedabad,Industrial,1,13314224,24,"Steel, Iron, Asphalt"
8556,Chennai,Industrial,8,150517152,22,"Reinforced Steel, Concrete"
